#===========================================省份数据====================================================#
insert into `province`(`province_id`, `province_name`) values(110000,'北京市');
insert into `province`(`province_id`, `province_name`) values(120000,'天津市');
insert into `province`(`province_id`, `province_name`) values(130000,'河北省');
insert into `province`(`province_id`, `province_name`) values(140000,'山西省');
insert into `province`(`province_id`, `province_name`) values(150000,'内蒙古自治区');
insert into `province`(`province_id`, `province_name`) values(210000,'辽宁省');
insert into `province`(`province_id`, `province_name`) values(220000,'吉林省');
insert into `province`(`province_id`, `province_name`) values(230000,'黑龙江省');
insert into `province`(`province_id`, `province_name`) values(310000,'上海市');
insert into `province`(`province_id`, `province_name`) values(320000,'江苏省');
insert into `province`(`province_id`, `province_name`) values(330000,'浙江省');
insert into `province`(`province_id`, `province_name`) values(340000,'安徽省');
insert into `province`(`province_id`, `province_name`) values(350000,'福建省');
insert into `province`(`province_id`, `province_name`) values(360000,'江西省');
insert into `province`(`province_id`, `province_name`) values(370000,'山东省');
insert into `province`(`province_id`, `province_name`) values(410000,'河南省');
insert into `province`(`province_id`, `province_name`) values(420000,'湖北省');
insert into `province`(`province_id`, `province_name`) values(430000,'湖南省');
insert into `province`(`province_id`, `province_name`) values(440000,'广东省');
insert into `province`(`province_id`, `province_name`) values(450000,'广西壮族自治区');
insert into `province`(`province_id`, `province_name`) values(460000,'海南省');
insert into `province`(`province_id`, `province_name`) values(500000,'重庆市');
insert into `province`(`province_id`, `province_name`) values(510000,'四川省');
insert into `province`(`province_id`, `province_name`) values(520000,'贵州省');
insert into `province`(`province_id`, `province_name`) values(530000,'云南省');
insert into `province`(`province_id`, `province_name`) values(540000,'西藏自治区');
insert into `province`(`province_id`, `province_name`) values(610000,'陕西省');
insert into `province`(`province_id`, `province_name`) values(620000,'甘肃省');
insert into `province`(`province_id`, `province_name`) values(630000,'青海省');
insert into `province`(`province_id`, `province_name`) values(640000,'宁夏回族自治区');
insert into `province`(`province_id`, `province_name`) values(650000,'新疆维吾尔自治区');
insert into `province`(`province_id`, `province_name`) values(710000,'台湾省');
insert into `province`(`province_id`, `province_name`) values(810000,'香港特别行政区');
insert into `province`(`province_id`, `province_name`) values(820000,'澳门特别行政区');

#===========================================城市数据====================================================#
insert into `city`(`city_id`, `city_name`, `province_id`) values(110100, '北京市', 110000);
insert into `city`(`city_id`, `city_name`, `province_id`) values(120100, '天津市', 120000);
insert into `city`(`city_id`, `city_name`, `province_id`) values(130100, '石家庄市', 130000);
insert into `city`(`city_id`, `city_name`, `province_id`) values(130200, '唐山市', 130000);
insert into `city`(`city_id`, `city_name`, `province_id`) values(130300, '秦皇岛市', 130000);
insert into `city`(`city_id`, `city_name`, `province_id`) values(130400, '邯郸市', 130000);
insert into `city`(`city_id`, `city_name`, `province_id`) values(130500, '邢台市', 130000);
insert into `city`(`city_id`, `city_name`, `province_id`) values(130600, '保定市', 130000);
insert into `city`(`city_id`, `city_name`, `province_id`) values(130700, '张家口市', 130000);
insert into `city`(`city_id`, `city_name`, `province_id`) values(130800, '承德市', 130000);
insert into `city`(`city_id`, `city_name`, `province_id`) values(130900, '沧州市', 130000);
insert into `city`(`city_id`, `city_name`, `province_id`) values(131000, '廊坊市', 130000);
insert into `city`(`city_id`, `city_name`, `province_id`) values(131100, '衡水市', 130000);
insert into `city`(`city_id`, `city_name`, `province_id`) values(140100, '太原市', 140000);
insert into `city`(`city_id`, `city_name`, `province_id`) values(140200, '大同市', 140000);
insert into `city`(`city_id`, `city_name`, `province_id`) values(140300, '阳泉市', 140000);
insert into `city`(`city_id`, `city_name`, `province_id`) values(140400, '长治市', 140000);
insert into `city`(`city_id`, `city_name`, `province_id`) values(140500, '晋城市', 140000);
insert into `city`(`city_id`, `city_name`, `province_id`) values(140600, '朔州市', 140000);
insert into `city`(`city_id`, `city_name`, `province_id`) values(140700, '晋中市', 140000);
insert into `city`(`city_id`, `city_name`, `province_id`) values(140800, '运城市', 140000);
insert into `city`(`city_id`, `city_name`, `province_id`) values(140900, '忻州市', 140000);
insert into `city`(`city_id`, `city_name`, `province_id`) values(141000, '临汾市', 140000);
insert into `city`(`city_id`, `city_name`, `province_id`) values(141100, '吕梁市', 140000);
insert into `city`(`city_id`, `city_name`, `province_id`) values(150100, '呼和浩特市', 150000);
insert into `city`(`city_id`, `city_name`, `province_id`) values(150200, '包头市', 150000);
insert into `city`(`city_id`, `city_name`, `province_id`) values(150300, '乌海市', 150000);
insert into `city`(`city_id`, `city_name`, `province_id`) values(150400, '赤峰市', 150000);
insert into `city`(`city_id`, `city_name`, `province_id`) values(150500, '通辽市', 150000);
insert into `city`(`city_id`, `city_name`, `province_id`) values(150600, '鄂尔多斯市', 150000);
insert into `city`(`city_id`, `city_name`, `province_id`) values(150700, '呼伦贝尔市', 150000);
insert into `city`(`city_id`, `city_name`, `province_id`) values(150800, '巴彦淖尔市', 150000);
insert into `city`(`city_id`, `city_name`, `province_id`) values(150900, '乌兰察布市', 150000);
insert into `city`(`city_id`, `city_name`, `province_id`) values(152200, '兴安盟', 150000);
insert into `city`(`city_id`, `city_name`, `province_id`) values(152500, '锡林郭勒盟', 150000);
insert into `city`(`city_id`, `city_name`, `province_id`) values(152900, '阿拉善盟', 150000);
insert into `city`(`city_id`, `city_name`, `province_id`) values(210100, '沈阳市', 210000);
insert into `city`(`city_id`, `city_name`, `province_id`) values(210200, '大连市', 210000);
insert into `city`(`city_id`, `city_name`, `province_id`) values(210300, '鞍山市', 210000);
insert into `city`(`city_id`, `city_name`, `province_id`) values(210400, '抚顺市', 210000);
insert into `city`(`city_id`, `city_name`, `province_id`) values(210500, '本溪市', 210000);
insert into `city`(`city_id`, `city_name`, `province_id`) values(210600, '丹东市', 210000);
insert into `city`(`city_id`, `city_name`, `province_id`) values(210700, '锦州市', 210000);
insert into `city`(`city_id`, `city_name`, `province_id`) values(210800, '营口市', 210000);
insert into `city`(`city_id`, `city_name`, `province_id`) values(210900, '阜新市', 210000);
insert into `city`(`city_id`, `city_name`, `province_id`) values(211000, '辽阳市', 210000);
insert into `city`(`city_id`, `city_name`, `province_id`) values(211100, '盘锦市', 210000);
insert into `city`(`city_id`, `city_name`, `province_id`) values(211200, '铁岭市', 210000);
insert into `city`(`city_id`, `city_name`, `province_id`) values(211300, '朝阳市', 210000);
insert into `city`(`city_id`, `city_name`, `province_id`) values(211400, '葫芦岛市', 210000);
insert into `city`(`city_id`, `city_name`, `province_id`) values(220100, '长春市', 220000);
insert into `city`(`city_id`, `city_name`, `province_id`) values(220200, '吉林市', 220000);
insert into `city`(`city_id`, `city_name`, `province_id`) values(220300, '四平市', 220000);
insert into `city`(`city_id`, `city_name`, `province_id`) values(220400, '辽源市', 220000);
insert into `city`(`city_id`, `city_name`, `province_id`) values(220500, '通化市', 220000);
insert into `city`(`city_id`, `city_name`, `province_id`) values(220600, '白山市', 220000);
insert into `city`(`city_id`, `city_name`, `province_id`) values(220700, '松原市', 220000);
insert into `city`(`city_id`, `city_name`, `province_id`) values(220800, '白城市', 220000);
insert into `city`(`city_id`, `city_name`, `province_id`) values(222400, '延边朝鲜族自治州', 220000);
insert into `city`(`city_id`, `city_name`, `province_id`) values(230100, '哈尔滨市', 230000);
insert into `city`(`city_id`, `city_name`, `province_id`) values(230200, '齐齐哈尔市', 230000);
insert into `city`(`city_id`, `city_name`, `province_id`) values(230300, '鸡西市', 230000);
insert into `city`(`city_id`, `city_name`, `province_id`) values(230400, '鹤岗市', 230000);
insert into `city`(`city_id`, `city_name`, `province_id`) values(230500, '双鸭山市', 230000);
insert into `city`(`city_id`, `city_name`, `province_id`) values(230600, '大庆市', 230000);
insert into `city`(`city_id`, `city_name`, `province_id`) values(230700, '伊春市', 230000);
insert into `city`(`city_id`, `city_name`, `province_id`) values(230800, '佳木斯市', 230000);
insert into `city`(`city_id`, `city_name`, `province_id`) values(230900, '七台河市', 230000);
insert into `city`(`city_id`, `city_name`, `province_id`) values(231000, '牡丹江市', 230000);
insert into `city`(`city_id`, `city_name`, `province_id`) values(231100, '黑河市', 230000);
insert into `city`(`city_id`, `city_name`, `province_id`) values(231200, '绥化市', 230000);
insert into `city`(`city_id`, `city_name`, `province_id`) values(232700, '大兴安岭地区', 230000);
insert into `city`(`city_id`, `city_name`, `province_id`) values(310100, '上海市', 310000);
insert into `city`(`city_id`, `city_name`, `province_id`) values(320100, '南京市', 320000);
insert into `city`(`city_id`, `city_name`, `province_id`) values(320200, '无锡市', 320000);
insert into `city`(`city_id`, `city_name`, `province_id`) values(320300, '徐州市', 320000);
insert into `city`(`city_id`, `city_name`, `province_id`) values(320400, '常州市', 320000);
insert into `city`(`city_id`, `city_name`, `province_id`) values(320500, '苏州市', 320000);
insert into `city`(`city_id`, `city_name`, `province_id`) values(320600, '南通市', 320000);
insert into `city`(`city_id`, `city_name`, `province_id`) values(320700, '连云港市', 320000);
insert into `city`(`city_id`, `city_name`, `province_id`) values(320800, '淮安市', 320000);
insert into `city`(`city_id`, `city_name`, `province_id`) values(320900, '盐城市', 320000);
insert into `city`(`city_id`, `city_name`, `province_id`) values(321000, '扬州市', 320000);
insert into `city`(`city_id`, `city_name`, `province_id`) values(321100, '镇江市', 320000);
insert into `city`(`city_id`, `city_name`, `province_id`) values(321200, '泰州市', 320000);
insert into `city`(`city_id`, `city_name`, `province_id`) values(321300, '宿迁市', 320000);
insert into `city`(`city_id`, `city_name`, `province_id`) values(330100, '杭州市', 330000);
insert into `city`(`city_id`, `city_name`, `province_id`) values(330200, '宁波市', 330000);
insert into `city`(`city_id`, `city_name`, `province_id`) values(330300, '温州市', 330000);
insert into `city`(`city_id`, `city_name`, `province_id`) values(330400, '嘉兴市', 330000);
insert into `city`(`city_id`, `city_name`, `province_id`) values(330500, '湖州市', 330000);
insert into `city`(`city_id`, `city_name`, `province_id`) values(330600, '绍兴市', 330000);
insert into `city`(`city_id`, `city_name`, `province_id`) values(330700, '金华市', 330000);
insert into `city`(`city_id`, `city_name`, `province_id`) values(330800, '衢州市', 330000);
insert into `city`(`city_id`, `city_name`, `province_id`) values(330900, '舟山市', 330000);
insert into `city`(`city_id`, `city_name`, `province_id`) values(331000, '台州市', 330000);
insert into `city`(`city_id`, `city_name`, `province_id`) values(331100, '丽水市', 330000);
insert into `city`(`city_id`, `city_name`, `province_id`) values(340100, '合肥市', 340000);
insert into `city`(`city_id`, `city_name`, `province_id`) values(340200, '芜湖市', 340000);
insert into `city`(`city_id`, `city_name`, `province_id`) values(340300, '蚌埠市', 340000);
insert into `city`(`city_id`, `city_name`, `province_id`) values(340400, '淮南市', 340000);
insert into `city`(`city_id`, `city_name`, `province_id`) values(340500, '马鞍山市', 340000);
insert into `city`(`city_id`, `city_name`, `province_id`) values(340600, '淮北市', 340000);
insert into `city`(`city_id`, `city_name`, `province_id`) values(340700, '铜陵市', 340000);
insert into `city`(`city_id`, `city_name`, `province_id`) values(340800, '安庆市', 340000);
insert into `city`(`city_id`, `city_name`, `province_id`) values(341000, '黄山市', 340000);
insert into `city`(`city_id`, `city_name`, `province_id`) values(341100, '滁州市', 340000);
insert into `city`(`city_id`, `city_name`, `province_id`) values(341200, '阜阳市', 340000);
insert into `city`(`city_id`, `city_name`, `province_id`) values(341300, '宿州市', 340000);
insert into `city`(`city_id`, `city_name`, `province_id`) values(341400, '巢湖市', 340000);
insert into `city`(`city_id`, `city_name`, `province_id`) values(341500, '六安市', 340000);
insert into `city`(`city_id`, `city_name`, `province_id`) values(341600, '亳州市', 340000);
insert into `city`(`city_id`, `city_name`, `province_id`) values(341700, '池州市', 340000);
insert into `city`(`city_id`, `city_name`, `province_id`) values(341800, '宣城市', 340000);
insert into `city`(`city_id`, `city_name`, `province_id`) values(350100, '福州市', 350000);
insert into `city`(`city_id`, `city_name`, `province_id`) values(350200, '厦门市', 350000);
insert into `city`(`city_id`, `city_name`, `province_id`) values(350300, '莆田市', 350000);
insert into `city`(`city_id`, `city_name`, `province_id`) values(350400, '三明市', 350000);
insert into `city`(`city_id`, `city_name`, `province_id`) values(350500, '泉州市', 350000);
insert into `city`(`city_id`, `city_name`, `province_id`) values(350600, '漳州市', 350000);
insert into `city`(`city_id`, `city_name`, `province_id`) values(350700, '南平市', 350000);
insert into `city`(`city_id`, `city_name`, `province_id`) values(350800, '龙岩市', 350000);
insert into `city`(`city_id`, `city_name`, `province_id`) values(350900, '宁德市', 350000);
insert into `city`(`city_id`, `city_name`, `province_id`) values(360100, '南昌市', 360000);
insert into `city`(`city_id`, `city_name`, `province_id`) values(360200, '景德镇市', 360000);
insert into `city`(`city_id`, `city_name`, `province_id`) values(360300, '萍乡市', 360000);
insert into `city`(`city_id`, `city_name`, `province_id`) values(360400, '九江市', 360000);
insert into `city`(`city_id`, `city_name`, `province_id`) values(360500, '新余市', 360000);
insert into `city`(`city_id`, `city_name`, `province_id`) values(360600, '鹰潭市', 360000);
insert into `city`(`city_id`, `city_name`, `province_id`) values(360700, '赣州市', 360000);
insert into `city`(`city_id`, `city_name`, `province_id`) values(360800, '吉安市', 360000);
insert into `city`(`city_id`, `city_name`, `province_id`) values(360900, '宜春市', 360000);
insert into `city`(`city_id`, `city_name`, `province_id`) values(361000, '抚州市', 360000);
insert into `city`(`city_id`, `city_name`, `province_id`) values(361100, '上饶市', 360000);
insert into `city`(`city_id`, `city_name`, `province_id`) values(370100, '济南市', 370000);
insert into `city`(`city_id`, `city_name`, `province_id`) values(370200, '青岛市', 370000);
insert into `city`(`city_id`, `city_name`, `province_id`) values(370300, '淄博市', 370000);
insert into `city`(`city_id`, `city_name`, `province_id`) values(370400, '枣庄市', 370000);
insert into `city`(`city_id`, `city_name`, `province_id`) values(370500, '东营市', 370000);
insert into `city`(`city_id`, `city_name`, `province_id`) values(370600, '烟台市', 370000);
insert into `city`(`city_id`, `city_name`, `province_id`) values(370700, '潍坊市', 370000);
insert into `city`(`city_id`, `city_name`, `province_id`) values(370800, '济宁市', 370000);
insert into `city`(`city_id`, `city_name`, `province_id`) values(370900, '泰安市', 370000);
insert into `city`(`city_id`, `city_name`, `province_id`) values(371000, '威海市', 370000);
insert into `city`(`city_id`, `city_name`, `province_id`) values(371100, '日照市', 370000);
insert into `city`(`city_id`, `city_name`, `province_id`) values(371200, '莱芜市', 370000);
insert into `city`(`city_id`, `city_name`, `province_id`) values(371300, '临沂市', 370000);
insert into `city`(`city_id`, `city_name`, `province_id`) values(371400, '德州市', 370000);
insert into `city`(`city_id`, `city_name`, `province_id`) values(371500, '聊城市', 370000);
insert into `city`(`city_id`, `city_name`, `province_id`) values(371600, '滨州市', 370000);
insert into `city`(`city_id`, `city_name`, `province_id`) values(371700, '荷泽市', 370000);
insert into `city`(`city_id`, `city_name`, `province_id`) values(410100, '郑州市', 410000);
insert into `city`(`city_id`, `city_name`, `province_id`) values(410200, '开封市', 410000);
insert into `city`(`city_id`, `city_name`, `province_id`) values(410300, '洛阳市', 410000);
insert into `city`(`city_id`, `city_name`, `province_id`) values(410400, '平顶山市', 410000);
insert into `city`(`city_id`, `city_name`, `province_id`) values(410500, '安阳市', 410000);
insert into `city`(`city_id`, `city_name`, `province_id`) values(410600, '鹤壁市', 410000);
insert into `city`(`city_id`, `city_name`, `province_id`) values(410700, '新乡市', 410000);
insert into `city`(`city_id`, `city_name`, `province_id`) values(410800, '焦作市', 410000);
insert into `city`(`city_id`, `city_name`, `province_id`) values(410900, '濮阳市', 410000);
insert into `city`(`city_id`, `city_name`, `province_id`) values(411000, '许昌市', 410000);
insert into `city`(`city_id`, `city_name`, `province_id`) values(411100, '漯河市', 410000);
insert into `city`(`city_id`, `city_name`, `province_id`) values(411200, '三门峡市', 410000);
insert into `city`(`city_id`, `city_name`, `province_id`) values(411300, '南阳市', 410000);
insert into `city`(`city_id`, `city_name`, `province_id`) values(411400, '商丘市', 410000);
insert into `city`(`city_id`, `city_name`, `province_id`) values(411500, '信阳市', 410000);
insert into `city`(`city_id`, `city_name`, `province_id`) values(411600, '周口市', 410000);
insert into `city`(`city_id`, `city_name`, `province_id`) values(411700, '驻马店市', 410000);
insert into `city`(`city_id`, `city_name`, `province_id`) values(420100, '武汉市', 420000);
insert into `city`(`city_id`, `city_name`, `province_id`) values(420200, '黄石市', 420000);
insert into `city`(`city_id`, `city_name`, `province_id`) values(420300, '十堰市', 420000);
insert into `city`(`city_id`, `city_name`, `province_id`) values(420500, '宜昌市', 420000);
insert into `city`(`city_id`, `city_name`, `province_id`) values(420600, '襄樊市', 420000);
insert into `city`(`city_id`, `city_name`, `province_id`) values(420700, '鄂州市', 420000);
insert into `city`(`city_id`, `city_name`, `province_id`) values(420800, '荆门市', 420000);
insert into `city`(`city_id`, `city_name`, `province_id`) values(420900, '孝感市', 420000);
insert into `city`(`city_id`, `city_name`, `province_id`) values(421000, '荆州市', 420000);
insert into `city`(`city_id`, `city_name`, `province_id`) values(421100, '黄冈市', 420000);
insert into `city`(`city_id`, `city_name`, `province_id`) values(421200, '咸宁市', 420000);
insert into `city`(`city_id`, `city_name`, `province_id`) values(421300, '随州市', 420000);
insert into `city`(`city_id`, `city_name`, `province_id`) values(422800, '恩施土家族苗族自治州', 420000);
insert into `city`(`city_id`, `city_name`, `province_id`) values(429000, '省直辖行政单位', 420000);
insert into `city`(`city_id`, `city_name`, `province_id`) values(430100, '长沙市', 430000);
insert into `city`(`city_id`, `city_name`, `province_id`) values(430200, '株洲市', 430000);
insert into `city`(`city_id`, `city_name`, `province_id`) values(430300, '湘潭市', 430000);
insert into `city`(`city_id`, `city_name`, `province_id`) values(430400, '衡阳市', 430000);
insert into `city`(`city_id`, `city_name`, `province_id`) values(430500, '邵阳市', 430000);
insert into `city`(`city_id`, `city_name`, `province_id`) values(430600, '岳阳市', 430000);
insert into `city`(`city_id`, `city_name`, `province_id`) values(430700, '常德市', 430000);
insert into `city`(`city_id`, `city_name`, `province_id`) values(430800, '张家界市', 430000);
insert into `city`(`city_id`, `city_name`, `province_id`) values(430900, '益阳市', 430000);
insert into `city`(`city_id`, `city_name`, `province_id`) values(431000, '郴州市', 430000);
insert into `city`(`city_id`, `city_name`, `province_id`) values(431100, '永州市', 430000);
insert into `city`(`city_id`, `city_name`, `province_id`) values(431200, '怀化市', 430000);
insert into `city`(`city_id`, `city_name`, `province_id`) values(431300, '娄底市', 430000);
insert into `city`(`city_id`, `city_name`, `province_id`) values(433100, '湘西土家族苗族自治州', 430000);
insert into `city`(`city_id`, `city_name`, `province_id`) values(440100, '广州市', 440000);
insert into `city`(`city_id`, `city_name`, `province_id`) values(440200, '韶关市', 440000);
insert into `city`(`city_id`, `city_name`, `province_id`) values(440300, '深圳市', 440000);
insert into `city`(`city_id`, `city_name`, `province_id`) values(440400, '珠海市', 440000);
insert into `city`(`city_id`, `city_name`, `province_id`) values(440500, '汕头市', 440000);
insert into `city`(`city_id`, `city_name`, `province_id`) values(440600, '佛山市', 440000);
insert into `city`(`city_id`, `city_name`, `province_id`) values(440700, '江门市', 440000);
insert into `city`(`city_id`, `city_name`, `province_id`) values(440800, '湛江市', 440000);
insert into `city`(`city_id`, `city_name`, `province_id`) values(440900, '茂名市', 440000);
insert into `city`(`city_id`, `city_name`, `province_id`) values(441200, '肇庆市', 440000);
insert into `city`(`city_id`, `city_name`, `province_id`) values(441300, '惠州市', 440000);
insert into `city`(`city_id`, `city_name`, `province_id`) values(441400, '梅州市', 440000);
insert into `city`(`city_id`, `city_name`, `province_id`) values(441500, '汕尾市', 440000);
insert into `city`(`city_id`, `city_name`, `province_id`) values(441600, '河源市', 440000);
insert into `city`(`city_id`, `city_name`, `province_id`) values(441700, '阳江市', 440000);
insert into `city`(`city_id`, `city_name`, `province_id`) values(441800, '清远市', 440000);
insert into `city`(`city_id`, `city_name`, `province_id`) values(441900, '东莞市', 440000);
insert into `city`(`city_id`, `city_name`, `province_id`) values(442000, '中山市', 440000);
insert into `city`(`city_id`, `city_name`, `province_id`) values(445100, '潮州市', 440000);
insert into `city`(`city_id`, `city_name`, `province_id`) values(445200, '揭阳市', 440000);
insert into `city`(`city_id`, `city_name`, `province_id`) values(445300, '云浮市', 440000);
insert into `city`(`city_id`, `city_name`, `province_id`) values(450100, '南宁市', 450000);
insert into `city`(`city_id`, `city_name`, `province_id`) values(450200, '柳州市', 450000);
insert into `city`(`city_id`, `city_name`, `province_id`) values(450300, '桂林市', 450000);
insert into `city`(`city_id`, `city_name`, `province_id`) values(450400, '梧州市', 450000);
insert into `city`(`city_id`, `city_name`, `province_id`) values(450500, '北海市', 450000);
insert into `city`(`city_id`, `city_name`, `province_id`) values(450600, '防城港市', 450000);
insert into `city`(`city_id`, `city_name`, `province_id`) values(450700, '钦州市', 450000);
insert into `city`(`city_id`, `city_name`, `province_id`) values(450800, '贵港市', 450000);
insert into `city`(`city_id`, `city_name`, `province_id`) values(450900, '玉林市', 450000);
insert into `city`(`city_id`, `city_name`, `province_id`) values(451000, '百色市', 450000);
insert into `city`(`city_id`, `city_name`, `province_id`) values(451100, '贺州市', 450000);
insert into `city`(`city_id`, `city_name`, `province_id`) values(451200, '河池市', 450000);
insert into `city`(`city_id`, `city_name`, `province_id`) values(451300, '来宾市', 450000);
insert into `city`(`city_id`, `city_name`, `province_id`) values(451400, '崇左市', 450000);
insert into `city`(`city_id`, `city_name`, `province_id`) values(460100, '海口市', 460000);
insert into `city`(`city_id`, `city_name`, `province_id`) values(460200, '三亚市', 460000);
insert into `city`(`city_id`, `city_name`, `province_id`) values(469000, '省直辖县级行政单位', 460000);
insert into `city`(`city_id`, `city_name`, `province_id`) values(500100, '重庆市', 500000);
insert into `city`(`city_id`, `city_name`, `province_id`) values(510100, '成都市', 510000);
insert into `city`(`city_id`, `city_name`, `province_id`) values(510300, '自贡市', 510000);
insert into `city`(`city_id`, `city_name`, `province_id`) values(510400, '攀枝花市', 510000);
insert into `city`(`city_id`, `city_name`, `province_id`) values(510500, '泸州市', 510000);
insert into `city`(`city_id`, `city_name`, `province_id`) values(510600, '德阳市', 510000);
insert into `city`(`city_id`, `city_name`, `province_id`) values(510700, '绵阳市', 510000);
insert into `city`(`city_id`, `city_name`, `province_id`) values(510800, '广元市', 510000);
insert into `city`(`city_id`, `city_name`, `province_id`) values(510900, '遂宁市', 510000);
insert into `city`(`city_id`, `city_name`, `province_id`) values(511000, '内江市', 510000);
insert into `city`(`city_id`, `city_name`, `province_id`) values(511100, '乐山市', 510000);
insert into `city`(`city_id`, `city_name`, `province_id`) values(511300, '南充市', 510000);
insert into `city`(`city_id`, `city_name`, `province_id`) values(511400, '眉山市', 510000);
insert into `city`(`city_id`, `city_name`, `province_id`) values(511500, '宜宾市', 510000);
insert into `city`(`city_id`, `city_name`, `province_id`) values(511600, '广安市', 510000);
insert into `city`(`city_id`, `city_name`, `province_id`) values(511700, '达州市', 510000);
insert into `city`(`city_id`, `city_name`, `province_id`) values(511800, '雅安市', 510000);
insert into `city`(`city_id`, `city_name`, `province_id`) values(511900, '巴中市', 510000);
insert into `city`(`city_id`, `city_name`, `province_id`) values(512000, '资阳市', 510000);
insert into `city`(`city_id`, `city_name`, `province_id`) values(513200, '阿坝藏族羌族自治州', 510000);
insert into `city`(`city_id`, `city_name`, `province_id`) values(513300, '甘孜藏族自治州', 510000);
insert into `city`(`city_id`, `city_name`, `province_id`) values(513400, '凉山彝族自治州', 510000);
insert into `city`(`city_id`, `city_name`, `province_id`) values(520100, '贵阳市', 520000);
insert into `city`(`city_id`, `city_name`, `province_id`) values(520200, '六盘水市', 520000);
insert into `city`(`city_id`, `city_name`, `province_id`) values(520300, '遵义市', 520000);
insert into `city`(`city_id`, `city_name`, `province_id`) values(520400, '安顺市', 520000);
insert into `city`(`city_id`, `city_name`, `province_id`) values(522200, '铜仁地区', 520000);
insert into `city`(`city_id`, `city_name`, `province_id`) values(522300, '黔西南布依族苗族自治州', 520000);
insert into `city`(`city_id`, `city_name`, `province_id`) values(522400, '毕节地区', 520000);
insert into `city`(`city_id`, `city_name`, `province_id`) values(522600, '黔东南苗族侗族自治州', 520000);
insert into `city`(`city_id`, `city_name`, `province_id`) values(522700, '黔南布依族苗族自治州', 520000);
insert into `city`(`city_id`, `city_name`, `province_id`) values(530100, '昆明市', 530000);
insert into `city`(`city_id`, `city_name`, `province_id`) values(530300, '曲靖市', 530000);
insert into `city`(`city_id`, `city_name`, `province_id`) values(530400, '玉溪市', 530000);
insert into `city`(`city_id`, `city_name`, `province_id`) values(530500, '保山市', 530000);
insert into `city`(`city_id`, `city_name`, `province_id`) values(530600, '昭通市', 530000);
insert into `city`(`city_id`, `city_name`, `province_id`) values(530700, '丽江市', 530000);
insert into `city`(`city_id`, `city_name`, `province_id`) values(530800, '思茅市', 530000);
insert into `city`(`city_id`, `city_name`, `province_id`) values(530900, '临沧市', 530000);
insert into `city`(`city_id`, `city_name`, `province_id`) values(532300, '楚雄彝族自治州', 530000);
insert into `city`(`city_id`, `city_name`, `province_id`) values(532500, '红河哈尼族彝族自治州', 530000);
insert into `city`(`city_id`, `city_name`, `province_id`) values(532600, '文山壮族苗族自治州', 530000);
insert into `city`(`city_id`, `city_name`, `province_id`) values(532800, '西双版纳傣族自治州', 530000);
insert into `city`(`city_id`, `city_name`, `province_id`) values(532900, '大理白族自治州', 530000);
insert into `city`(`city_id`, `city_name`, `province_id`) values(533100, '德宏傣族景颇族自治州', 530000);
insert into `city`(`city_id`, `city_name`, `province_id`) values(533300, '怒江傈僳族自治州', 530000);
insert into `city`(`city_id`, `city_name`, `province_id`) values(533400, '迪庆藏族自治州', 530000);
insert into `city`(`city_id`, `city_name`, `province_id`) values(540100, '拉萨市', 540000);
insert into `city`(`city_id`, `city_name`, `province_id`) values(542100, '昌都地区', 540000);
insert into `city`(`city_id`, `city_name`, `province_id`) values(542200, '山南地区', 540000);
insert into `city`(`city_id`, `city_name`, `province_id`) values(542300, '日喀则地区', 540000);
insert into `city`(`city_id`, `city_name`, `province_id`) values(542400, '那曲地区', 540000);
insert into `city`(`city_id`, `city_name`, `province_id`) values(542500, '阿里地区', 540000);
insert into `city`(`city_id`, `city_name`, `province_id`) values(542600, '林芝地区', 540000);
insert into `city`(`city_id`, `city_name`, `province_id`) values(610100, '西安市', 610000);
insert into `city`(`city_id`, `city_name`, `province_id`) values(610200, '铜川市', 610000);
insert into `city`(`city_id`, `city_name`, `province_id`) values(610300, '宝鸡市', 610000);
insert into `city`(`city_id`, `city_name`, `province_id`) values(610400, '咸阳市', 610000);
insert into `city`(`city_id`, `city_name`, `province_id`) values(610500, '渭南市', 610000);
insert into `city`(`city_id`, `city_name`, `province_id`) values(610600, '延安市', 610000);
insert into `city`(`city_id`, `city_name`, `province_id`) values(610700, '汉中市', 610000);
insert into `city`(`city_id`, `city_name`, `province_id`) values(610800, '榆林市', 610000);
insert into `city`(`city_id`, `city_name`, `province_id`) values(610900, '安康市', 610000);
insert into `city`(`city_id`, `city_name`, `province_id`) values(611000, '商洛市', 610000);
insert into `city`(`city_id`, `city_name`, `province_id`) values(620100, '兰州市', 620000);
insert into `city`(`city_id`, `city_name`, `province_id`) values(620200, '嘉峪关市', 620000);
insert into `city`(`city_id`, `city_name`, `province_id`) values(620300, '金昌市', 620000);
insert into `city`(`city_id`, `city_name`, `province_id`) values(620400, '白银市', 620000);
insert into `city`(`city_id`, `city_name`, `province_id`) values(620500, '天水市', 620000);
insert into `city`(`city_id`, `city_name`, `province_id`) values(620600, '武威市', 620000);
insert into `city`(`city_id`, `city_name`, `province_id`) values(620700, '张掖市', 620000);
insert into `city`(`city_id`, `city_name`, `province_id`) values(620800, '平凉市', 620000);
insert into `city`(`city_id`, `city_name`, `province_id`) values(620900, '酒泉市', 620000);
insert into `city`(`city_id`, `city_name`, `province_id`) values(621000, '庆阳市', 620000);
insert into `city`(`city_id`, `city_name`, `province_id`) values(621100, '定西市', 620000);
insert into `city`(`city_id`, `city_name`, `province_id`) values(621200, '陇南市', 620000);
insert into `city`(`city_id`, `city_name`, `province_id`) values(622900, '临夏回族自治州', 620000);
insert into `city`(`city_id`, `city_name`, `province_id`) values(623000, '甘南藏族自治州', 620000);
insert into `city`(`city_id`, `city_name`, `province_id`) values(630100, '西宁市', 630000);
insert into `city`(`city_id`, `city_name`, `province_id`) values(632100, '海东地区', 630000);
insert into `city`(`city_id`, `city_name`, `province_id`) values(632200, '海北藏族自治州', 630000);
insert into `city`(`city_id`, `city_name`, `province_id`) values(632300, '黄南藏族自治州', 630000);
insert into `city`(`city_id`, `city_name`, `province_id`) values(632500, '海南藏族自治州', 630000);
insert into `city`(`city_id`, `city_name`, `province_id`) values(632600, '果洛藏族自治州', 630000);
insert into `city`(`city_id`, `city_name`, `province_id`) values(632700, '玉树藏族自治州', 630000);
insert into `city`(`city_id`, `city_name`, `province_id`) values(632800, '海西蒙古族藏族自治州', 630000);
insert into `city`(`city_id`, `city_name`, `province_id`) values(640100, '银川市', 640000);
insert into `city`(`city_id`, `city_name`, `province_id`) values(640200, '石嘴山市', 640000);
insert into `city`(`city_id`, `city_name`, `province_id`) values(640300, '吴忠市', 640000);
insert into `city`(`city_id`, `city_name`, `province_id`) values(640400, '固原市', 640000);
insert into `city`(`city_id`, `city_name`, `province_id`) values(640500, '中卫市', 640000);
insert into `city`(`city_id`, `city_name`, `province_id`) values(650100, '乌鲁木齐市', 650000);
insert into `city`(`city_id`, `city_name`, `province_id`) values(650200, '克拉玛依市', 650000);
insert into `city`(`city_id`, `city_name`, `province_id`) values(652100, '吐鲁番地区', 650000);
insert into `city`(`city_id`, `city_name`, `province_id`) values(652200, '哈密地区', 650000);
insert into `city`(`city_id`, `city_name`, `province_id`) values(652300, '昌吉回族自治州', 650000);
insert into `city`(`city_id`, `city_name`, `province_id`) values(652700, '博尔塔拉蒙古自治州', 650000);
insert into `city`(`city_id`, `city_name`, `province_id`) values(652800, '巴音郭楞蒙古自治州', 650000);
insert into `city`(`city_id`, `city_name`, `province_id`) values(652900, '阿克苏地区', 650000);
insert into `city`(`city_id`, `city_name`, `province_id`) values(653000, '克孜勒苏柯尔克孜自治州', 650000);
insert into `city`(`city_id`, `city_name`, `province_id`) values(653100, '喀什地区', 650000);
insert into `city`(`city_id`, `city_name`, `province_id`) values(653200, '和田地区', 650000);
insert into `city`(`city_id`, `city_name`, `province_id`) values(654000, '伊犁哈萨克自治州', 650000);
insert into `city`(`city_id`, `city_name`, `province_id`) values(654200, '塔城地区', 650000);
insert into `city`(`city_id`, `city_name`, `province_id`) values(654300, '阿勒泰地区', 650000);
insert into `city`(`city_id`, `city_name`, `province_id`) values(659000, '省直辖行政单位', 650000);

#===========================================投资阶段数据====================================================#
INSERT INTO `invest_phase`(`phase_id`, `phase_name`) VALUES (1, '种子投资');
INSERT INTO `invest_phase`(`phase_id`, `phase_name`) VALUES (2, '天使投资');
INSERT INTO `invest_phase`(`phase_id`, `phase_name`) VALUES (3, '风险投资');
INSERT INTO `invest_phase`(`phase_id`, `phase_name`) VALUES (4, '私募股权投资');

#===========================================项目阶段数据====================================================#
INSERT INTO `project_phase`(`phase_id`, `phase_name`) VALUES (1, '构想期');
INSERT INTO `project_phase`(`phase_id`, `phase_name`) VALUES (2, '初创期');
INSERT INTO `project_phase`(`phase_id`, `phase_name`) VALUES (3, '成长期');
INSERT INTO `project_phase`(`phase_id`, `phase_name`) VALUES (4, '扩张期');
